id;title;forename;surname;date_of_birth;phone_number;email;self_assesment_utr_no;nationality;gender;student_loan;child_benefit;spouse;find_out_about_us;additional_information
1;mobile Fish;Home Loan Account Table Computer;Trace;Savings Account alarm;Tasty Metal Bacon;Coy99@hotmail.com;Money Mark;Albania web-readiness;MALE;false;false;false;Coordinator;Common
2;Savings Account syndicate Planner;Refined Rubber Chicken Table;Automotive;Planner cross-platform access;Public-key;Idella60@gmail.com;backing up;Digitized invoice;OTHER;false;true;true;Industrial;connect Markets Chief
3;capacitor archive;sky blue Tasty Plastic Pizza;compress South Georgia and the South Sandwich Islands;compelling mission-critical;bifurcated scalable;Araceli.Armstrong77@gmail.com;orange Boo;magenta monitor 1080p;OTHER;true;true;true;archive Fantastic Plastic Chicken;payment
4;withdrawal COM;embrace Developer;synthesize Idaho compress;Sleek Metal Table Small;Intelligent Outdoors;Jarrell_Haley@yahoo.com;Corporate ;white Brand Money Market Account;OTHER;true;false;true;digital maroon;EXE projection Fresh
5;support Gorgeous;withdrawal;copying;ability Hat Iraq;magenta Concrete;Deion32@yahoo.com;Mauritania;facilitate Tasty Concrete Chips Exclusive;OTHER;false;false;true;Berkshire Small Plastic Pants Investor;Canadian Dollar
6;Berkshire Designer;Credit Card Account;navigate;Re-contextualized;web-enabled invoice withdrawal;Raymundo_Borer15@yahoo.com;Bedfordshi;Refined Rubber Gloves Algerian Dinar Clothing;FEMALE;false;false;true;disintermediate Cambridgeshire hacking;bricks-and-clicks Concrete Global
7;Fiji Dollar Profound Bacon;Macao Equatorial Guinea Vision-oriented;Agent;Human deposit;even-keeled Saint Helena Pound;Spencer.Steuber77@hotmail.com;invoice Un;New Zealand Dollar Alabama transform;FEMALE;true;false;true;invoice Devolved;Computers Bedfordshire Fish
8;payment calculating;local area network Benin;turn-key dedicated;Wisconsin;target Human withdrawal;Federico_Kuvalis@hotmail.com;Cambridges;Alaska;MALE;true;false;true;out-of-the-box Automotive Tactics;Venezuela Wisconsin
9;SDD disintermediate reinvent;eco-centric Bedfordshire mesh;Configuration UIC-Franc;Ergonomic Concrete Soap Zambian Kwacha;Concrete Bedfordshire;Enid_Robel13@hotmail.com;array Fran;open-source HDD;FEMALE;false;true;false;extend Unbranded Fresh Pants Tools;Practical North Dakota
10;implementation;Wallis and Futuna;generating;Computers Small Fresh Gloves back-end;interface;Okey96@hotmail.com;Club backi;Iran;FEMALE;false;true;true;card Licensed Cotton Ball;mindshare Gorgeous
